site_key,site_id,site_code,site_name,site_type,address_line,city,state_province,country_code,country_name,regulatory_region,gmp_status,gmp_certificate_number,fda_fei_number,last_inspection_date,last_inspection_outcome,is_active,load_timestamp
46167523976552872,SITE-0001,SNL-001,Netherlands Plant 1,CRO,704 Industrial Blvd,City-1,State-1,NL,Netherlands,EMA,APPROVED,GMP-NL-37851,,2024-08-25,NAI,True,2026-02-28T06:26:33.570750
327217897043323182,SITE-0002,STW-002,Taiwan Plant 2,CMO,724 Industrial Blvd,City-2,State-2,TW,Taiwan,,PENDING,GMP-TW-22559,,2024-03-04,VAI,True,2026-02-28T06:26:33.570764
918112986228691303,SITE-0003,SCA-003,Canada Plant 3,QC_TESTING,410 Industrial Blvd,City-3,State-3,CA,Canada,FDA,APPROVED,GMP-CA-47118,,2025-10-13,NAI,True,2026-02-28T06:26:33.570774
79239146133907914,SITE-0004,SSG-004,Singapore Plant 4,CMO,547 Industrial Blvd,City-4,State-4,SG,Singapore,,APPROVED,GMP-SG-55464,,2024-09-27,NAI,True,2026-02-28T06:26:33.570782
766016181409944976,SITE-0005,SBR-005,Brazil Plant 5,CRO,183 Industrial Blvd,City-5,State-5,BR,Brazil,,PENDING,GMP-BR-58382,,2024-01-12,NAI,True,2026-02-28T06:26:33.570789
413331060368526253,SITE-0006,SSE-006,Sweden Plant 6,MANUFACTURING,626 Industrial Blvd,City-6,State-6,SE,Sweden,EMA,APPROVED,GMP-SE-20127,,2025-08-15,VAI,True,2026-02-28T06:26:33.570796
467373117589015664,SITE-0007,SGB-007,United Kingdom Plant 7,CMO,193 Industrial Blvd,City-7,State-7,GB,United Kingdom,EMA,APPROVED,GMP-GB-37686,,2023-09-11,NAI,True,2026-02-28T06:26:33.570802
114090057959650911,SITE-0008,SJP-008,Japan Plant 8,PACKAGING,394 Industrial Blvd,City-8,State-8,JP,Japan,PMDA,PENDING,GMP-JP-65798,,2022-11-05,NAI,True,2026-02-28T06:26:33.570815
123897802993369418,SITE-0009,SIT-009,Italy Plant 9,CMO,692 Industrial Blvd,City-9,State-9,IT,Italy,EMA,APPROVED,GMP-IT-14564,,2023-06-19,NAI,True,2026-02-28T06:26:33.570823
150366354319377942,SITE-0010,SFR-010,France Plant 10,QC_TESTING,408 Industrial Blvd,City-10,State-10,FR,France,EMA,APPROVED,GMP-FR-70938,,2022-06-19,NAI,True,2026-02-28T06:26:33.570836
1130895423210570657,SITE-0011,SBE-011,Belgium Plant 11,MANUFACTURING,672 Industrial Blvd,City-11,State-11,BE,Belgium,EMA,APPROVED,GMP-BE-11602,,2022-11-26,NAI,True,2026-02-28T06:26:33.570843
785882248787823823,SITE-0012,SGB-012,United Kingdom Plant 12,CRO,520 Industrial Blvd,City-12,State-12,GB,United Kingdom,EMA,APPROVED,GMP-GB-99954,,2024-07-20,NAI,True,2026-02-28T06:26:33.570850
612182827333231462,SITE-0013,SNL-013,Netherlands Plant 13,CMO,433 Industrial Blvd,City-13,State-13,NL,Netherlands,EMA,APPROVED,GMP-NL-49708,,2024-05-20,NAI,True,2026-02-28T06:26:33.570856
547473128815303591,SITE-0014,SPL-014,Poland Plant 14,MANUFACTURING,619 Industrial Blvd,City-14,State-14,PL,Poland,EMA,APPROVED,GMP-PL-75806,,2024-02-03,NAI,True,2026-02-28T06:26:33.570863
1046740813346471167,SITE-0015,SAT-015,Austria Plant 15,PACKAGING,865 Industrial Blvd,City-15,State-15,AT,Austria,EMA,APPROVED,GMP-AT-24637,,2023-01-02,NAI,True,2026-02-28T06:26:33.570870
212293228681572212,SITE-0016,SDK-016,Denmark Plant 16,CMO,892 Industrial Blvd,City-16,State-16,DK,Denmark,EMA,APPROVED,GMP-DK-29711,,2022-01-15,NAI,True,2026-02-28T06:26:33.570876
1011726151622241361,SITE-0017,SPH-017,Philippines Plant 17,CRO,265 Industrial Blvd,City-17,State-17,PH,Philippines,,PENDING,GMP-PH-77488,,2025-06-12,NAI,True,2026-02-28T06:26:33.570884
795473164318541398,SITE-0018,SMX-018,Mexico Plant 18,MANUFACTURING,476 Industrial Blvd,City-18,State-18,MX,Mexico,FDA,APPROVED,GMP-MX-15222,,2022-09-06,NAI,True,2026-02-28T06:26:33.570893
1114374057383523306,SITE-0019,SES-019,Spain Plant 19,PACKAGING,52 Industrial Blvd,City-19,State-19,ES,Spain,EMA,APPROVED,GMP-ES-43072,,2024-05-21,NAI,True,2026-02-28T06:26:33.570899
352630313262767873,SITE-0020,SBE-020,Belgium Plant 20,PACKAGING,786 Industrial Blvd,City-20,State-20,BE,Belgium,EMA,APPROVED,GMP-BE-81139,,2023-07-02,VAI,True,2026-02-28T06:26:33.570908
114246666796624147,SITE-0021,SIT-021,Italy Plant 21,PACKAGING,428 Industrial Blvd,City-21,State-21,IT,Italy,EMA,APPROVED,GMP-IT-68559,,2023-10-27,NAI,True,2026-02-28T06:26:33.570914
878250793116557982,SITE-0022,SIL-022,Israel Plant 22,MANUFACTURING,611 Industrial Blvd,City-22,State-22,IL,Israel,,APPROVED,GMP-IL-56824,,2022-03-16,NAI,True,2026-02-28T06:26:33.570921
54631159255259265,SITE-0023,SBR-023,Brazil Plant 23,QC_TESTING,87 Industrial Blvd,City-23,State-23,BR,Brazil,,APPROVED,GMP-BR-26522,,2022-10-24,NAI,True,2026-02-28T06:26:33.570928
428432496504477680,SITE-0024,SMX-024,Mexico Plant 24,PACKAGING,354 Industrial Blvd,City-24,State-24,MX,Mexico,FDA,APPROVED,GMP-MX-90903,,2023-05-15,NAI,True,2026-02-28T06:26:33.570938
721739277798666228,SITE-0025,SDE-025,Germany Plant 25,MANUFACTURING,335 Industrial Blvd,City-25,State-25,DE,Germany,EMA,APPROVED,GMP-DE-15018,,2022-10-28,NAI,True,2026-02-28T06:26:33.570944
349700393308997088,SITE-0026,SKR-026,South Korea Plant 26,CRO,743 Industrial Blvd,City-26,State-26,KR,South Korea,,APPROVED,GMP-KR-54272,,2025-07-28,NAI,True,2026-02-28T06:26:33.570951
1090498828547780005,SITE-0027,SMX-027,Mexico Plant 27,CMO,23 Industrial Blvd,City-27,State-27,MX,Mexico,FDA,PENDING,GMP-MX-43666,,2025-08-30,NAI,True,2026-02-28T06:26:33.570970
612600359045210181,SITE-0028,STW-028,Taiwan Plant 28,CMO,989 Industrial Blvd,City-28,State-28,TW,Taiwan,,APPROVED,GMP-TW-35119,,2025-03-15,NAI,True,2026-02-28T06:26:33.570979
172384463309089249,SITE-0029,SIT-029,Italy Plant 29,CRO,527 Industrial Blvd,City-29,State-29,IT,Italy,EMA,PENDING,GMP-IT-16400,,2024-02-06,NAI,True,2026-02-28T06:26:33.570985
1063877619515961722,SITE-0030,SIN-030,India Plant 30,CMO,282 Industrial Blvd,City-30,State-30,IN,India,,PENDING,GMP-IN-46287,,2024-10-24,NAI,True,2026-02-28T06:26:33.570994
994180550334117185,SITE-0031,SSG-031,Singapore Plant 31,CMO,932 Industrial Blvd,City-31,State-31,SG,Singapore,,PENDING,GMP-SG-98894,,2023-08-07,NAI,True,2026-02-28T06:26:33.571001
397507641572828546,SITE-0032,SUS-032,United States Plant 32,CMO,213 Industrial Blvd,City-32,State-32,US,United States,FDA,APPROVED,GMP-US-64306,FEI-3177128,2023-07-17,NAI,True,2026-02-28T06:26:33.571008
28990666482691588,SITE-0033,SES-033,Spain Plant 33,CRO,810 Industrial Blvd,City-33,State-33,ES,Spain,EMA,APPROVED,GMP-ES-22733,,2023-03-30,VAI,True,2026-02-28T06:26:33.571014
883128150624758965,SITE-0034,SUS-034,United States Plant 34,PACKAGING,227 Industrial Blvd,City-34,State-34,US,United States,FDA,APPROVED,GMP-US-90135,FEI-5829008,2025-12-29,NAI,True,2026-02-28T06:26:33.571021
667669419394748145,SITE-0035,SIE-035,Ireland Plant 35,CMO,651 Industrial Blvd,City-35,State-35,IE,Ireland,EMA,APPROVED,GMP-IE-80969,,2024-03-07,NAI,True,2026-02-28T06:26:33.571029
1057351768623314821,SITE-0036,SPH-036,Philippines Plant 36,CRO,13 Industrial Blvd,City-36,State-36,PH,Philippines,,APPROVED,GMP-PH-54642,,2023-10-17,NAI,True,2026-02-28T06:26:33.571035
196092002886341781,SITE-0037,STW-037,Taiwan Plant 37,CMO,156 Industrial Blvd,City-37,State-37,TW,Taiwan,,APPROVED,GMP-TW-75401,,2023-03-08,VAI,True,2026-02-28T06:26:33.571042
192968342959973654,SITE-0038,SBE-038,Belgium Plant 38,CMO,262 Industrial Blvd,City-38,State-38,BE,Belgium,EMA,APPROVED,GMP-BE-14229,,2025-09-15,NAI,True,2026-02-28T06:26:33.571048
317572024261877103,SITE-0039,SIL-039,Israel Plant 39,CMO,575 Industrial Blvd,City-39,State-39,IL,Israel,,APPROVED,GMP-IL-20891,,2023-03-02,NAI,True,2026-02-28T06:26:33.571054
19632869490552304,SITE-0040,SIT-040,Italy Plant 40,PACKAGING,769 Industrial Blvd,City-40,State-40,IT,Italy,EMA,APPROVED,GMP-IT-69178,,2025-10-13,NAI,True,2026-02-28T06:26:33.571072
723297155562110187,SITE-0041,SUS-041,United States Plant 41,QC_TESTING,640 Industrial Blvd,City-41,State-41,US,United States,FDA,PENDING,GMP-US-91823,FEI-6899311,2025-03-02,NAI,True,2026-02-28T06:26:33.571079
587823240306444353,SITE-0042,SMX-042,Mexico Plant 42,MANUFACTURING,770 Industrial Blvd,City-42,State-42,MX,Mexico,FDA,APPROVED,GMP-MX-82933,,2024-10-02,VAI,True,2026-02-28T06:26:33.571086
933618731918284868,SITE-0043,SKR-043,South Korea Plant 43,CRO,135 Industrial Blvd,City-43,State-43,KR,South Korea,,APPROVED,GMP-KR-89576,,2022-09-10,NAI,True,2026-02-28T06:26:33.571095
1149565156025236853,SITE-0044,SKR-044,South Korea Plant 44,QC_TESTING,217 Industrial Blvd,City-44,State-44,KR,South Korea,,APPROVED,GMP-KR-84808,,2023-08-16,VAI,True,2026-02-28T06:26:33.571105
652713864818073742,SITE-0045,SMY-045,Malaysia Plant 45,QC_TESTING,786 Industrial Blvd,City-45,State-45,MY,Malaysia,,APPROVED,GMP-MY-82098,,2024-04-16,NAI,True,2026-02-28T06:26:33.571112
774915664313290064,SITE-0046,SZA-046,South Africa Plant 46,QC_TESTING,429 Industrial Blvd,City-46,State-46,ZA,South Africa,,APPROVED,GMP-ZA-51864,,2024-01-14,NAI,True,2026-02-28T06:26:33.571119
687171029622168373,SITE-0047,SBE-047,Belgium Plant 47,PACKAGING,515 Industrial Blvd,City-47,State-47,BE,Belgium,EMA,APPROVED,GMP-BE-39504,,2024-04-07,NAI,True,2026-02-28T06:26:33.571126
290983122066396445,SITE-0048,SZA-048,South Africa Plant 48,CMO,294 Industrial Blvd,City-48,State-48,ZA,South Africa,,APPROVED,GMP-ZA-30574,,2022-12-30,NAI,True,2026-02-28T06:26:33.571133
694738612452718043,SITE-0049,SIT-049,Italy Plant 49,MANUFACTURING,546 Industrial Blvd,City-49,State-49,IT,Italy,EMA,APPROVED,GMP-IT-70820,,2025-09-05,VAI,True,2026-02-28T06:26:33.571139
100801617554395358,SITE-0050,SBE-050,Belgium Plant 50,MANUFACTURING,393 Industrial Blvd,City-50,State-0,BE,Belgium,EMA,APPROVED,GMP-BE-64823,,2024-04-20,VAI,True,2026-02-28T06:26:33.571150
